[{"tour":1,"attacker":"Pédo","attacked":"Nicolas","crit":false,"deathblow":false,"remainingHP":"37","dmgDealt":"25","hit":"Pédo attaque Nicolas pour 25 de dégats.","playerStatus":"Nicolas a encore 37 PV."},{"tour":2,"attacker":"Sakura","attacked":"Pédo","crit":false,"deathblow":false,"remainingHP":"164","dmgDealt":"11","hit":"Sakura attaque Pédo pour 11 de dégats.","playerStatus":"Pédo a encore 164 PV."},{"tour":3,"attacker":"Quentin","attacked":"Nicolas","crit":false,"deathblow":true,"remainingHP":0,"dmgDealt":"55","hit":"Quentin attaque Nicolas pour 55 de dégats.","playerStatus":"Nicolas est out !"},{"tour":4,"attacker":"Sakura","attacked":"Pédo","crit":false,"deathblow":false,"remainingHP":"153","dmgDealt":"11","hit":"Sakura attaque Pédo pour 11 de dégats.","playerStatus":"Pédo a encore 153 PV."},{"tour":5,"attacker":"Quentin","attacked":"Mathilde","crit":true,"deathblow":false,"remainingHP":"40","dmgDealt":110,"hit":"Coup critique! Quentin attaque Mathilde pour 110 de dégats.","playerStatus":"Mathilde a encore 40 PV."},{"tour":6,"attacker":"Sakura","attacked":"Pédo","crit":false,"deathblow":false,"remainingHP":"142","dmgDealt":"11","hit":"Sakura attaque Pédo pour 11 de dégats.","playerStatus":"Pédo a encore 142 PV."},{"tour":7,"attacker":"Pédo","attacked":"LucV","crit":false,"deathblow":false,"remainingHP":"200","dmgDealt":"25","hit":"Pédo attaque LucV pour 25 de dégats.","playerStatus":"LucV a encore 200 PV."},{"tour":8,"attacker":"LucV","attacked":"Quentin","crit":false,"deathblow":false,"remainingHP":"480","dmgDealt":"70","hit":"LucV attaque Quentin pour 70 de dégats.","playerStatus":"Quentin a encore 480 PV."},{"tour":9,"attacker":"Pédo","attacked":"LucV","crit":false,"deathblow":false,"remainingHP":"175","dmgDealt":"25","hit":"Pédo attaque LucV pour 25 de dégats.","playerStatus":"LucV a encore 175 PV."},{"tour":10,"attacker":"LucV","attacked":"Quentin","crit":false,"deathblow":false,"remainingHP":"410","dmgDealt":"70","hit":"LucV attaque Quentin pour 70 de dégats.","playerStatus":"Quentin a encore 410 PV."},{"tour":11,"attacker":"Pédo","attacked":"LucV","crit":false,"deathblow":false,"remainingHP":"150","dmgDealt":"25","hit":"Pédo attaque LucV pour 25 de dégats.","playerStatus":"LucV a encore 150 PV."},{"tour":12,"attacker":"LucV","attacked":"Quentin","crit":false,"deathblow":false,"remainingHP":"340","dmgDealt":"70","hit":"LucV attaque Quentin pour 70 de dégats.","playerStatus":"Quentin a encore 340 PV."},{"tour":13,"attacker":"Quentin","attacked":"LucV","crit":false,"deathblow":false,"remainingHP":"95","dmgDealt":"55","hit":"Quentin attaque LucV pour 55 de dégats.","playerStatus":"LucV a encore 95 PV."},{"tour":14,"attacker":"LucV","attacked":"Quentin","crit":false,"deathblow":false,"remainingHP":"270","dmgDealt":"70","hit":"LucV attaque Quentin pour 70 de dégats.","playerStatus":"Quentin a encore 270 PV."},{"tour":15,"attacker":"Pédo","attacked":"Sakura","crit":false,"deathblow":false,"remainingHP":"27","dmgDealt":"25","hit":"Pédo attaque Sakura pour 25 de dégats.","playerStatus":"Sakura a encore 27 PV."},{"tour":16,"attacker":"Mathilde","attacked":"Pédo","crit":false,"deathblow":false,"remainingHP":"82","dmgDealt":"60","hit":"Mathilde attaque Pédo pour 60 de dégats.","playerStatus":"Pédo a encore 82 PV."},{"tour":17,"attacker":"Pédo","attacked":"Sakura","crit":false,"deathblow":false,"remainingHP":"2","dmgDealt":"25","hit":"Pédo attaque Sakura pour 25 de dégats.","playerStatus":"Sakura a encore 2 PV."},{"tour":18,"attacker":"Sakura","attacked":"Pédo","crit":false,"deathblow":false,"remainingHP":"71","dmgDealt":"11","hit":"Sakura attaque Pédo pour 11 de dégats.","playerStatus":"Pédo a encore 71 PV."},{"tour":19,"attacker":"Pédo","attacked":"LucV","crit":true,"deathblow":false,"remainingHP":"45","dmgDealt":50,"hit":"Coup critique! Pédo attaque LucV pour 50 de dégats.","playerStatus":"LucV a encore 45 PV."},{"tour":20,"attacker":"LucV","attacked":"Pédo","crit":false,"deathblow":false,"remainingHP":"1","dmgDealt":"70","hit":"LucV attaque Pédo pour 70 de dégats.","playerStatus":"Pédo a encore 1 PV."},{"tour":21,"attacker":"Pédo","attacked":"LucV","crit":false,"deathblow":false,"remainingHP":"20","dmgDealt":"25","hit":"Pédo attaque LucV pour 25 de dégats.","playerStatus":"LucV a encore 20 PV."},{"tour":22,"attacker":"Mathilde","attacked":"Quentin","crit":false,"deathblow":false,"remainingHP":"210","dmgDealt":"60","hit":"Mathilde attaque Quentin pour 60 de dégats.","playerStatus":"Quentin a encore 210 PV."},{"tour":23,"attacker":"Pédo","attacked":"Mathilde","crit":true,"deathblow":true,"remainingHP":0,"dmgDealt":50,"hit":"Coup critique! Pédo attaque Mathilde pour 50 de dégats.","playerStatus":"Mathilde est out !"},{"tour":24,"attacker":"Sakura","attacked":"Quentin","crit":false,"deathblow":false,"remainingHP":"199","dmgDealt":"11","hit":"Sakura attaque Quentin pour 11 de dégats.","playerStatus":"Quentin a encore 199 PV."},{"tour":25,"attacker":"Quentin","attacked":"LucV","crit":false,"deathblow":true,"remainingHP":0,"dmgDealt":"55","hit":"Quentin attaque LucV pour 55 de dégats.","playerStatus":"LucV est out !"},{"tour":26,"attacker":"Sakura","attacked":"Quentin","crit":false,"deathblow":false,"remainingHP":"188","dmgDealt":"11","hit":"Sakura attaque Quentin pour 11 de dégats.","playerStatus":"Quentin a encore 188 PV."},{"tour":27,"attacker":"Pédo","attacked":"Sakura","crit":false,"deathblow":true,"remainingHP":0,"dmgDealt":"25","hit":"Pédo attaque Sakura pour 25 de dégats.","playerStatus":"Sakura est out !"},{"0":"Team1","1":"Team2","totalTurn":27,"winner":"Team1"}]